StartDate,EndDate,Status,IPAddress,Progress,Duration (in seconds),Finished,RecordedDate,ResponseId,LocationLatitude,LocationLongitude,DistributionChannel,UserLanguage,1_Question,2_Question,3_Question,4_Question,5_Question,6_Question,7_Question,8_Question,9_Question,10_Question,11_Question,12_Question,13_Question,14_Question,15_Question,16_Question,17_Question,18_Question,19_Question,20_Question,21_Question,22_Question,23_Question,24_Question,25_Question,26_Question,27_Question,28_Question,29_Question,30_Question,31_Question,32_Question,33_Question,34_Question,35_Question,36_Question,37_Question,38_Question,39_Question,40_Question,41_Question,42_Question,43_Question,44_Question,45_Question,46_Question,47_Question,48_Question,49_Question,50_Question,51_Question,52_Question,53_Question,54_Question,55_Question,56_Question,57_Question,58_Question,59_Question,60_Question,61_Question,62_Question,63_Question,64_Question,65_Question,66_Question,67_Question,68_Question,69_Question,70_Question,71_Question,72_Question,73_Question,74_Question,75_Question,76_Question,77_Question,78_Question,79_Question,80_Question,81_Question,82_Question,83_Question,84_Question,85_Question,86_Question,87_Question,88_Question,89_Question,90_Question,91_Question,92_Question,93_Question,94_Question,95_Question,96_Question,97_Question,98_Question,99_Question,100_Question,101_Question,102_Question,103_Question,104_Question,105_Question,106_Question,107_Question,108_Question,109_Question,110_Question,111_Question,112_Question,113_Question,114_Question,115_Question,116_Question,117_Question,118_Question,119_Question,120_Question,121_Question,122_Question,123_Question,124_Question,125_Question,126_Question,127_Question,128_Question,129_Question,130_Question,131_Question,132_Question,133_Question,134_Question,135_Question,136_Question,137_Question,138_Question,139_Question,140_Question,141_Question,142_Question,143_Question,144_Question,145_Question,146_Question,147_Question,148_Question,149_Question,150_Question,151_Question,152_Question,153_Question,154_Question,155_Question,156_Question,157_Question,158_Question,159_Question,160_Question,161_Question,162_Question,163_Question,164_Question,165_Question,166_Question,167_Question,168_Question,169_Question,170_Question,171_Question,172_Question,173_Question,174_Question,175_Question,176_Question,177_Question,178_Question,179_Question,180_Question,181_Question,182_Question,183_Question,184_Question,185_Question,186_Question,187_Question,188_Question,189_Question,190_Question,191_Question,192_Question,193_Question,194_Question,195_Question,196_Question,197_Question,198_Question,199_Question,200_Question
Start Date,End Date,Response Type,IP Address,Progress,Duration (in seconds),Finished,Recorded Date,Response ID,Location Latitude,Location Longitude,Distribution Channel,User Language,"alodine - The word [Field-1] is best placed in the following category:
[Field-2]","unserviceable - The word [Field-1] is best placed in the following category:
[Field-2]","airworthiness - The word [Field-1] is best placed in the following category:
[Field-2]","pilot - The word [Field-1] is best placed in the following category:
[Field-2]","airspeed - The word [Field-1] is best placed in the following category:
[Field-2]","aviation - The word [Field-1] is best placed in the following category:
[Field-2]","abradable - The word [Field-1] is best placed in the following category:
[Field-2]","nondestructive - The word [Field-1] is best placed in the following category:
[Field-2]","turnbuckle - The word [Field-1] is best placed in the following category:
[Field-2]","serviceable - The word [Field-1] is best placed in the following category:
[Field-2]","blendable - The word [Field-1] is best placed in the following category:
[Field-2]","aircraft - The word [Field-1] is best placed in the following category:
[Field-2]","torque - The word [Field-1] is best placed in the following category:
[Field-2]","bumperseal - The word [Field-1] is best placed in the following category:
[Field-2]","jobcard - The word [Field-1] is best placed in the following category:
[Field-2]","polytetrafluoroethylene (PTFE) - The word [Field-1] is best placed in the following category:
[Field-2]","bellcrank - The word [Field-1] is best placed in the following category:
[Field-2]","titanium - The word [Field-1] is best placed in the following category:
[Field-2]","hangar - The word [Field-1] is best placed in the following category:
[Field-2]","boeing - The word [Field-1] is best placed in the following category:
[Field-2]","aerodrome - The word [Field-1] is best placed in the following category:
[Field-2]","skydrol - The word [Field-1] is best placed in the following category:
[Field-2]","tedlar - The word [Field-1] is best placed in the following category:
[Field-2]","locknut - The word [Field-1] is best placed in the following category:
[Field-2]","flight - The word [Field-1] is best placed in the following category:
[Field-2]","pressurisation - The word [Field-1] is best placed in the following category:
[Field-2]","nacelle - The word [Field-1] is best placed in the following category:
[Field-2]","placard - The word [Field-1] is best placed in the following category:
[Field-2]","centerline - The word [Field-1] is best placed in the following category:
[Field-2]","millimeter - The word [Field-1] is best placed in the following category:
[Field-2]","fanblade - The word [Field-1] is best placed in the following category:
[Field-2]","borescope - The word [Field-1] is best placed in the following category:
[Field-2]","hydromechanical - The word [Field-1] is best placed in the following category:
[Field-2]","combustor - The word [Field-1] is best placed in the following category:
[Field-2]","boroscope - The word [Field-1] is best placed in the following category:
[Field-2]","aft - The word [Field-1] is best placed in the following category:
[Field-2]","airfoil - The word [Field-1] is best placed in the following category:
[Field-2]","circumferential - The word [Field-1] is best placed in the following category:
[Field-2]","ignitor - The word [Field-1] is best placed in the following category:
[Field-2]","pawl - The word [Field-1] is best placed in the following category:
[Field-2]","outerskin - The word [Field-1] is best placed in the following category:
[Field-2]","labyrinth - The word [Field-1] is best placed in the following category:
[Field-2]","disbonding - The word [Field-1] is best placed in the following category:
[Field-2]","gearboxes - The word [Field-1] is best placed in the following category:
[Field-2]","birdstrike - The word [Field-1] is best placed in the following category:
[Field-2]","disassembly - The word [Field-1] is best placed in the following category:
[Field-2]","fretting - The word [Field-1] is best placed in the following category:
[Field-2]","blistering - The word [Field-1] is best placed in the following category:
[Field-2]","honeycomb - The word [Field-1] is best placed in the following category:
[Field-2]","lockring - The word [Field-1] is best placed in the following category:
[Field-2]","midspan - The word [Field-1] is best placed in the following category:
[Field-2]","chaffing - The word [Field-1] is best placed in the following category:
[Field-2]","driveshaft - The word [Field-1] is best placed in the following category:
[Field-2]","inflight - The word [Field-1] is best placed in the following category:
[Field-2]","extinguisher - The word [Field-1] is best placed in the following category:
[Field-2]","locator - The word [Field-1] is best placed in the following category:
[Field-2]","fairing - The word [Field-1] is best placed in the following category:
[Field-2]","circumference - The word [Field-1] is best placed in the following category:
[Field-2]","spinnercone - The word [Field-1] is best placed in the following category:
[Field-2]","stator - The word [Field-1] is best placed in the following category:
[Field-2]","debonding - The word [Field-1] is best placed in the following category:
[Field-2]","penetrant - The word [Field-1] is best placed in the following category:
[Field-2]","engine - The word [Field-1] is best placed in the following category:
[Field-2]","bolthead - The word [Field-1] is best placed in the following category:
[Field-2]","servo - The word [Field-1] is best placed in the following category:
[Field-2]","inlet - The word [Field-1] is best placed in the following category:
[Field-2]","lanyard - The word [Field-1] is best placed in the following category:
[Field-2]","rivet - The word [Field-1] is best placed in the following category:
[Field-2]","reverser - The word [Field-1] is best placed in the following category:
[Field-2]","boostervane - The word [Field-1] is best placed in the following category:
[Field-2]","anodizing - The word [Field-1] is best placed in the following category:
[Field-2]","shim - The word [Field-1] is best placed in the following category:
[Field-2]","sulphidation - The word [Field-1] is best placed in the following category:
[Field-2]","pylon - The word [Field-1] is best placed in the following category:
[Field-2]","air - The word [Field-1] is best placed in the following category:
[Field-2]","dovetail - The word [Field-1] is best placed in the following category:
[Field-2]","burr - The word [Field-1] is best placed in the following category:
[Field-2]","overhaul - The word [Field-1] is best placed in the following category:
[Field-2]","hanger - The word [Field-1] is best placed in the following category:
[Field-2]","doubler - The word [Field-1] is best placed in the following category:
[Field-2]","blades - The word [Field-1] is best placed in the following category:
[Field-2]","elastomer - The word [Field-1] is best placed in the following category:
[Field-2]","baffle - The word [Field-1] is best placed in the following category:
[Field-2]","arrival - The word [Field-1] is best placed in the following category:
[Field-2]","helicoil - The word [Field-1] is best placed in the following category:
[Field-2]","casing - The word [Field-1] is best placed in the following category:
[Field-2]","sleeving - The word [Field-1] is best placed in the following category:
[Field-2]","wing - The word [Field-1] is best placed in the following category:
[Field-2]","viton - The word [Field-1] is best placed in the following category:
[Field-2]","grommet - The word [Field-1] is best placed in the following category:
[Field-2]","desiccant - The word [Field-1] is best placed in the following category:
[Field-2]","discolouration - The word [Field-1] is best placed in the following category:
[Field-2]","impingement - The word [Field-1] is best placed in the following category:
[Field-2]","actuation - The word [Field-1] is best placed in the following category:
[Field-2]","vanes - The word [Field-1] is best placed in the following category:
[Field-2]","camber - The word [Field-1] is best placed in the following category:
[Field-2]","couplings - The word [Field-1] is best placed in the following category:
[Field-2]","irreparable - The word [Field-1] is best placed in the following category:
[Field-2]","burner - The word [Field-1] is best placed in the following category:
[Field-2]","quadrant - The word [Field-1] is best placed in the following category:
[Field-2]","composite - The word [Field-1] is best placed in the following category:
[Field-2]","compressor - The word [Field-1] is best placed in the following category:
[Field-2]","precooler - The word [Field-1] is best placed in the following category:
[Field-2]","shroud - The word [Field-1] is best placed in the following category:
[Field-2]","strut - The word [Field-1] is best placed in the following category:
[Field-2]","pneumatic - The word [Field-1] is best placed in the following category:
[Field-2]","thrust - The word [Field-1] is best placed in the following category:
[Field-2]","radial - The word [Field-1] is best placed in the following category:
[Field-2]","finding - The word [Field-1] is best placed in the following category:
[Field-2]","bushings - The word [Field-1] is best placed in the following category:
[Field-2]","specification - The word [Field-1] is best placed in the following category:
[Field-2]","spool - The word [Field-1] is best placed in the following category:
[Field-2]","anodized - The word [Field-1] is best placed in the following category:
[Field-2]","concentricity - The word [Field-1] is best placed in the following category:
[Field-2]","unscheduled - The word [Field-1] is best placed in the following category:
[Field-2]","cavitation - The word [Field-1] is best placed in the following category:
[Field-2]","loosening - The word [Field-1] is best placed in the following category:
[Field-2]","passenger - The word [Field-1] is best placed in the following category:
[Field-2]","pedestal - The word [Field-1] is best placed in the following category:
[Field-2]","turbine - The word [Field-1] is best placed in the following category:
[Field-2]","repairable - The word [Field-1] is best placed in the following category:
[Field-2]","anodize - The word [Field-1] is best placed in the following category:
[Field-2]","rotor - The word [Field-1] is best placed in the following category:
[Field-2]","clearance - The word [Field-1] is best placed in the following category:
[Field-2]","manifold - The word [Field-1] is best placed in the following category:
[Field-2]","shopvisit - The word [Field-1] is best placed in the following category:
[Field-2]","cocking - The word [Field-1] is best placed in the following category:
[Field-2]","indicator - The word [Field-1] is best placed in the following category:
[Field-2]","regulator - The word [Field-1] is best placed in the following category:
[Field-2]","reinspection - The word [Field-1] is best placed in the following category:
[Field-2]","arrestor - The word [Field-1] is best placed in the following category:
[Field-2]","cowl - The word [Field-1] is best placed in the following category:
[Field-2]","nipple - The word [Field-1] is best placed in the following category:
[Field-2]","core - The word [Field-1] is best placed in the following category:
[Field-2]","boltholes - The word [Field-1] is best placed in the following category:
[Field-2]","chord - The word [Field-1] is best placed in the following category:
[Field-2]","swirler - The word [Field-1] is best placed in the following category:
[Field-2]","tooling - The word [Field-1] is best placed in the following category:
[Field-2]","corrective - The word [Field-1] is best placed in the following category:
[Field-2]","pigtail - The word [Field-1] is best placed in the following category:
[Field-2]","tubing - The word [Field-1] is best placed in the following category:
[Field-2]","grooving - The word [Field-1] is best placed in the following category:
[Field-2]","fillet - The word [Field-1] is best placed in the following category:
[Field-2]","rib - The word [Field-1] is best placed in the following category:
[Field-2]","familiarization - The word [Field-1] is best placed in the following category:
[Field-2]","birdcage - The word [Field-1] is best placed in the following category:
[Field-2]","conformance - The word [Field-1] is best placed in the following category:
[Field-2]","buckles - The word [Field-1] is best placed in the following category:
[Field-2]","separator - The word [Field-1] is best placed in the following category:
[Field-2]","rework - The word [Field-1] is best placed in the following category:
[Field-2]","grooves - The word [Field-1] is best placed in the following category:
[Field-2]","collar - The word [Field-1] is best placed in the following category:
[Field-2]","vane - The word [Field-1] is best placed in the following category:
[Field-2]","anodization - The word [Field-1] is best placed in the following category:
[Field-2]","deflector - The word [Field-1] is best placed in the following category:
[Field-2]","replaceable - The word [Field-1] is best placed in the following category:
[Field-2]","eccentricity - The word [Field-1] is best placed in the following category:
[Field-2]","generator - The word [Field-1] is best placed in the following category:
[Field-2]","alternator - The word [Field-1] is best placed in the following category:
[Field-2]","dimensional - The word [Field-1] is best placed in the following category:
[Field-2]","combustion - The word [Field-1] is best placed in the following category:
[Field-2]","spacer - The word [Field-1] is best placed in the following category:
[Field-2]","exchanger - The word [Field-1] is best placed in the following category:
[Field-2]","nozzles - The word [Field-1] is best placed in the following category:
[Field-2]","interlock - The word [Field-1] is best placed in the following category:
[Field-2]","ceramic - The word [Field-1] is best placed in the following category:
[Field-2]","stud - The word [Field-1] is best placed in the following category:
[Field-2]","dampeners - The word [Field-1] is best placed in the following category:
[Field-2]","protrusion - The word [Field-1] is best placed in the following category:
[Field-2]","deflection - The word [Field-1] is best placed in the following category:
[Field-2]","scallop - The word [Field-1] is best placed in the following category:
[Field-2]","structural - The word [Field-1] is best placed in the following category:
[Field-2]","unthreaded - The word [Field-1] is best placed in the following category:
[Field-2]","hinge - The word [Field-1] is best placed in the following category:
[Field-2]","deformation - The word [Field-1] is best placed in the following category:
[Field-2]","certificate - The word [Field-1] is best placed in the following category:
[Field-2]","nozzle - The word [Field-1] is best placed in the following category:
[Field-2]","igniter - The word [Field-1] is best placed in the following category:
[Field-2]","blade - The word [Field-1] is best placed in the following category:
[Field-2]","spinner - The word [Field-1] is best placed in the following category:
[Field-2]","axial - The word [Field-1] is best placed in the following category:
[Field-2]","containment - The word [Field-1] is best placed in the following category:
[Field-2]","maintenance - The word [Field-1] is best placed in the following category:
[Field-2]","booster - The word [Field-1] is best placed in the following category:
[Field-2]","starter - The word [Field-1] is best placed in the following category:
[Field-2]","exhaust - The word [Field-1] is best placed in the following category:
[Field-2]","bearing - The word [Field-1] is best placed in the following category:
[Field-2]","fan - The word [Field-1] is best placed in the following category:
[Field-2]","bulletin - The word [Field-1] is best placed in the following category:
[Field-2]","convex - The word [Field-1] is best placed in the following category:
[Field-2]","electrical - The word [Field-1] is best placed in the following category:
[Field-2]","lubrication - The word [Field-1] is best placed in the following category:
[Field-2]","splitter - The word [Field-1] is best placed in the following category:
[Field-2]","adapter - The word [Field-1] is best placed in the following category:
[Field-2]","retainer - The word [Field-1] is best placed in the following category:
[Field-2]","isolator - The word [Field-1] is best placed in the following category:
[Field-2]","receptacle - The word [Field-1] is best placed in the following category:
[Field-2]","bypass - The word [Field-1] is best placed in the following category:
[Field-2]","cotter - The word [Field-1] is best placed in the following category:
[Field-2]","delamination - The word [Field-1] is best placed in the following category:
[Field-2]"
"{""ImportId"":""startDate"",""timeZone"":""Europe/Berlin""}","{""ImportId"":""endDate"",""timeZone"":""Europe/Berlin""}","{""ImportId"":""status""}","{""ImportId"":""ipAddress""}","{""ImportId"":""progress""}","{""ImportId"":""duration""}","{""ImportId"":""finished""}","{""ImportId"":""recordedDate"",""timeZone"":""Europe/Berlin""}","{""ImportId"":""_recordId""}","{""ImportId"":""locationLatitude""}","{""ImportId"":""locationLongitude""}","{""ImportId"":""distributionChannel""}","{""ImportId"":""userLanguage""}","{""ImportId"":""1_QID1""}","{""ImportId"":""2_QID1""}","{""ImportId"":""3_QID1""}","{""ImportId"":""4_QID1""}","{""ImportId"":""5_QID1""}","{""ImportId"":""6_QID1""}","{""ImportId"":""7_QID1""}","{""ImportId"":""8_QID1""}","{""ImportId"":""9_QID1""}","{""ImportId"":""10_QID1""}","{""ImportId"":""11_QID1""}","{""ImportId"":""12_QID1""}","{""ImportId"":""13_QID1""}","{""ImportId"":""14_QID1""}","{""ImportId"":""15_QID1""}","{""ImportId"":""16_QID1""}","{""ImportId"":""17_QID1""}","{""ImportId"":""18_QID1""}","{""ImportId"":""19_QID1""}","{""ImportId"":""20_QID1""}","{""ImportId"":""21_QID1""}","{""ImportId"":""22_QID1""}","{""ImportId"":""23_QID1""}","{""ImportId"":""24_QID1""}","{""ImportId"":""25_QID1""}","{""ImportId"":""26_QID1""}","{""ImportId"":""27_QID1""}","{""ImportId"":""28_QID1""}","{""ImportId"":""29_QID1""}","{""ImportId"":""30_QID1""}","{""ImportId"":""31_QID1""}","{""ImportId"":""32_QID1""}","{""ImportId"":""33_QID1""}","{""ImportId"":""34_QID1""}","{""ImportId"":""35_QID1""}","{""ImportId"":""36_QID1""}","{""ImportId"":""37_QID1""}","{""ImportId"":""38_QID1""}","{""ImportId"":""39_QID1""}","{""ImportId"":""40_QID1""}","{""ImportId"":""41_QID1""}","{""ImportId"":""42_QID1""}","{""ImportId"":""43_QID1""}","{""ImportId"":""44_QID1""}","{""ImportId"":""45_QID1""}","{""ImportId"":""46_QID1""}","{""ImportId"":""47_QID1""}","{""ImportId"":""48_QID1""}","{""ImportId"":""49_QID1""}","{""ImportId"":""50_QID1""}","{""ImportId"":""51_QID1""}","{""ImportId"":""52_QID1""}","{""ImportId"":""53_QID1""}","{""ImportId"":""54_QID1""}","{""ImportId"":""55_QID1""}","{""ImportId"":""56_QID1""}","{""ImportId"":""57_QID1""}","{""ImportId"":""58_QID1""}","{""ImportId"":""59_QID1""}","{""ImportId"":""60_QID1""}","{""ImportId"":""61_QID1""}","{""ImportId"":""62_QID1""}","{""ImportId"":""63_QID1""}","{""ImportId"":""64_QID1""}","{""ImportId"":""65_QID1""}","{""ImportId"":""66_QID1""}","{""ImportId"":""67_QID1""}","{""ImportId"":""68_QID1""}","{""ImportId"":""69_QID1""}","{""ImportId"":""70_QID1""}","{""ImportId"":""71_QID1""}","{""ImportId"":""72_QID1""}","{""ImportId"":""73_QID1""}","{""ImportId"":""74_QID1""}","{""ImportId"":""75_QID1""}","{""ImportId"":""76_QID1""}","{""ImportId"":""77_QID1""}","{""ImportId"":""78_QID1""}","{""ImportId"":""79_QID1""}","{""ImportId"":""80_QID1""}","{""ImportId"":""81_QID1""}","{""ImportId"":""82_QID1""}","{""ImportId"":""83_QID1""}","{""ImportId"":""84_QID1""}","{""ImportId"":""85_QID1""}","{""ImportId"":""86_QID1""}","{""ImportId"":""87_QID1""}","{""ImportId"":""88_QID1""}","{""ImportId"":""89_QID1""}","{""ImportId"":""90_QID1""}","{""ImportId"":""91_QID1""}","{""ImportId"":""92_QID1""}","{""ImportId"":""93_QID1""}","{""ImportId"":""94_QID1""}","{""ImportId"":""95_QID1""}","{""ImportId"":""96_QID1""}","{""ImportId"":""97_QID1""}","{""ImportId"":""98_QID1""}","{""ImportId"":""99_QID1""}","{""ImportId"":""100_QID1""}","{""ImportId"":""101_QID1""}","{""ImportId"":""102_QID1""}","{""ImportId"":""103_QID1""}","{""ImportId"":""104_QID1""}","{""ImportId"":""105_QID1""}","{""ImportId"":""106_QID1""}","{""ImportId"":""107_QID1""}","{""ImportId"":""108_QID1""}","{""ImportId"":""109_QID1""}","{""ImportId"":""110_QID1""}","{""ImportId"":""111_QID1""}","{""ImportId"":""112_QID1""}","{""ImportId"":""113_QID1""}","{""ImportId"":""114_QID1""}","{""ImportId"":""115_QID1""}","{""ImportId"":""116_QID1""}","{""ImportId"":""117_QID1""}","{""ImportId"":""118_QID1""}","{""ImportId"":""119_QID1""}","{""ImportId"":""120_QID1""}","{""ImportId"":""121_QID1""}","{""ImportId"":""122_QID1""}","{""ImportId"":""123_QID1""}","{""ImportId"":""124_QID1""}","{""ImportId"":""125_QID1""}","{""ImportId"":""126_QID1""}","{""ImportId"":""127_QID1""}","{""ImportId"":""128_QID1""}","{""ImportId"":""129_QID1""}","{""ImportId"":""130_QID1""}","{""ImportId"":""131_QID1""}","{""ImportId"":""132_QID1""}","{""ImportId"":""133_QID1""}","{""ImportId"":""134_QID1""}","{""ImportId"":""135_QID1""}","{""ImportId"":""136_QID1""}","{""ImportId"":""137_QID1""}","{""ImportId"":""138_QID1""}","{""ImportId"":""139_QID1""}","{""ImportId"":""140_QID1""}","{""ImportId"":""141_QID1""}","{""ImportId"":""142_QID1""}","{""ImportId"":""143_QID1""}","{""ImportId"":""144_QID1""}","{""ImportId"":""145_QID1""}","{""ImportId"":""146_QID1""}","{""ImportId"":""147_QID1""}","{""ImportId"":""148_QID1""}","{""ImportId"":""149_QID1""}","{""ImportId"":""150_QID1""}","{""ImportId"":""151_QID1""}","{""ImportId"":""152_QID1""}","{""ImportId"":""153_QID1""}","{""ImportId"":""154_QID1""}","{""ImportId"":""155_QID1""}","{""ImportId"":""156_QID1""}","{""ImportId"":""157_QID1""}","{""ImportId"":""158_QID1""}","{""ImportId"":""159_QID1""}","{""ImportId"":""160_QID1""}","{""ImportId"":""161_QID1""}","{""ImportId"":""162_QID1""}","{""ImportId"":""163_QID1""}","{""ImportId"":""164_QID1""}","{""ImportId"":""165_QID1""}","{""ImportId"":""166_QID1""}","{""ImportId"":""167_QID1""}","{""ImportId"":""168_QID1""}","{""ImportId"":""169_QID1""}","{""ImportId"":""170_QID1""}","{""ImportId"":""171_QID1""}","{""ImportId"":""172_QID1""}","{""ImportId"":""173_QID1""}","{""ImportId"":""174_QID1""}","{""ImportId"":""175_QID1""}","{""ImportId"":""176_QID1""}","{""ImportId"":""177_QID1""}","{""ImportId"":""178_QID1""}","{""ImportId"":""179_QID1""}","{""ImportId"":""180_QID1""}","{""ImportId"":""181_QID1""}","{""ImportId"":""182_QID1""}","{""ImportId"":""183_QID1""}","{""ImportId"":""184_QID1""}","{""ImportId"":""185_QID1""}","{""ImportId"":""186_QID1""}","{""ImportId"":""187_QID1""}","{""ImportId"":""188_QID1""}","{""ImportId"":""189_QID1""}","{""ImportId"":""190_QID1""}","{""ImportId"":""191_QID1""}","{""ImportId"":""192_QID1""}","{""ImportId"":""193_QID1""}","{""ImportId"":""194_QID1""}","{""ImportId"":""195_QID1""}","{""ImportId"":""196_QID1""}","{""ImportId"":""197_QID1""}","{""ImportId"":""198_QID1""}","{""ImportId"":""199_QID1""}","{""ImportId"":""200_QID1""}"
2026-05-01 09:23:55,2026-05-01 09:32:38,0,xxx.xxx.xxx.xxx,100,523,1,2026-05-01 09:32:39,001,xx.xxxx,xx.xxxx,anonymous,EN,,2,,,,,,,,,,,,,,,,2,,,1,1,,2,,,1,,,,,,,,,,,,2,,,,,,,,,,,,2,,,,,2,,,,,,,,2,,,,,3,,2,2,,,4,,,2,,,,,,,,3,,,,,,,3,,,,,,,,,,,,,,2,,,,,,,,4,2,,,,,,2,2,,,,,,2,,,,,4,,,,,,,,,,,,,3,2,,4,4,,,2,,,,,,4,,2,,,,4,,2,,,,,2,,,,,,,,,,4,1,,,,,4,,,,,4,,,,1,2,
2026-05-01 09:22:32,2026-05-01 09:38:16,0,xxx.xxx.xxx.xxx,100,944,1,2026-05-01 09:38:17,002,xx.xxxx,xx.xxxx,anonymous,EN,2,,,,,,2,,2,3,,,,5,,2,,,1,,,,,,,,,,2,,,,,,,,,2,,,2,,2,,,,,,,,,,,1,,,,,,2,,,,,,,,2,,,,,,,,,,,2,5,,2,,,5,,2,,,,,2,,,,2,,,,,,,2,,,2,,,3,,,2,2,5,,,,,,,,,,,,,5,,,,1,,,,,,,,4,,,3,,2,,,,,,,,,2,,,4,,,,,,,,,2,,,,,,,,,2,2,,,,,,2,,,,,,,,,,,2,5,,,,,,,
2026-05-01 09:53:50,2026-05-01 09:58:38,0,xxx.xxx.xxx.xxx,100,288,1,2026-05-01 09:58:39,003,xx.xxxx,xx.xxxx,anonymous,EN,,,,1,,3,,2,,,4,,,,1,,,,,1,,,,,,,,,,,,2,,,,2,,,,2,,,,2,,,,,,2,,,,,,,,2,1,,,2,,,,,2,,,2,,,2,2,,,,,,,,,,,,,,,5,5,,,,,,,,,,,,,,2,,,,,,,,,,,,,3,,,,2,,,,2,,,4,,,,,2,,,,2,,,,,,,,,,,,,,,,,,2,,2,2,,,,,,2,,,,,5,,,,,,,4,2,2,,1,,,,,2,,2,,,2,3,,,,,,,,,
2026-05-01 10:47:37,2026-05-01 10:52:35,0,xxx.xxx.xxx.xxx,100,298,1,2026-05-01 10:52:36,004,xx.xxxx,xx.xxxx,anonymous,EN,,,1,,,,,,,,,,,,,,,,,,,,,,1,2,,,,,2,,,,,,,,,,,4,,,3,2,2,,,,,2,2,,3,,2,,,,,,,,,,,,,,,,,,,3,,,,,,,2,4,,,,4,,,3,,,,,,3,3,,,2,,,,,,,,,2,,,,,,,,4,,,,,,2,,,,,,,,3,,,2,,,,,2,3,,2,,4,,,,3,,,,,,,,,,2,,,,,,,,2,,,,,3,,,,,,,2,,,,,,,2,,2,,,,,,,2,3,2,,,2
2026-05-01 14:09:48,2026-05-01 14:16:14,0,xxx.xxx.xxx.xxx,100,386,1,2026-05-01 14:16:15,005,xx.xxxx,xx.xxxx,anonymous,NL,,,,,1,,,,,,,1,2,,,,2,,,,,,2,,,,,4,,4,,,2,2,2,,1,,,,,,,,,,,2,2,,,,,,,,,,,,2,,2,,2,2,,,,,,,,,,,2,,,,1,,,,,,,,,,,,,2,2,,,,2,3,,2,,,2,,,2,,,3,,,,,,,,4,2,,,,,,2,,,,2,,,,,,1,,3,,,,,,,,5,,,,,,4,,,,,,,,,2,,2,,,,,,,2,4,,,,,,,,,,,5,,,,,,,,,,,,,,,,,,
2026-05-01 14:23:33,2026-05-01 14:26:40,0,xxx.xxx.xxx.xxx,100,649,1,2026-05-01 14:26:41,006,xx.xxxx,xx.xxxx,anonymous,EN,,,1,,,,,,2,3,,,,2,,,5,,,,1,,5,,,,,,,,,2,,,,,,,,,,,,,,3,,2,,,2,,2,,,,,,,,,,,,,,,,,,,,,,,,,,,5,,,,,,,,,,,,,,,,1,,3,2,,,2,,,,,,,,,,,2,,,,,,,,,,,2,,2,,,3,,,4,,,,1,,,,,,,2,,,,,,4,,4,4,,,,,,2,,4,,,2,2,,4,,,,,4,,,,2,,2,,,,,,,1,,,,1,,,,2,,4,,,5,,,
2026-05-04 07:55:23,2026-05-04 07:59:32,0,xxx.xxx.xxx.xxx,100,248,1,2026-05-04 07:59:32,007,xx.xxxx,xx.xxxx,anonymous,EN,2,,,1,,,,,,,,,,,,,,2,,1,,,,2,,,,5,,,,,,,,1,,,,,,,2,2,,,2,,,,,,,1,,,,,,1,,,,,,,,,,,,2,,,,4,,,,,1,,2,,,4,,,,5,3,,,,2,,2,,,,,,,,2,,,,,2,,2,,,,2,,,,2,,,,,,,,,,,,,,4,2,,,2,4,,2,,,,,5,,,,,,,,,2,4,,,,,,,,,,,,,,,,,,3,,,,,,,,,4,,,2,,,,,4,,,,,,,1,2,
2026-05-05 15:10:30,2026-05-06 09:01:44,0,xxx.xxx.xxx.xxx,100,1210,1,2026-05-06 09:01:45,008,xx.xxxx,xx.xxxx,anonymous,EN,,1,,,,,2,,,,,,2,,,2,,,,,,,,,1,,2,,,4,1,,,,,,2,2,,,2,,,,,,,,1,3,,,,,3,,,,,,,,,,,,2,,3,,,,,2,,,2,3,,,,,,,,,,,,,,,5,,,,,,,,,,,2,,2,,,,,3,,,,,,,,4,,,,,,2,,,,,2,,,,,,,2,,,,,,,2,4,,3,2,,4,,,2,,,,3,,2,,,,,,,,,2,,,,,,,,,,,,,,,,,,,2,,4,,,,,,,3,,,,2
2026-05-06 11:33:52,2026-05-06 11:42:40,0,xxx.xxx.xxx.xxx,100,527,1,2026-05-06 11:42:40,009,xx.xxxx,xx.xxxx,anonymous,EN,,,,,,,,,,,4,1,,,2,,,,1,,,1,,,,2,,,2,,,,2,,2,,,,2,,,3,,,3,,,,,,,2,,,,2,2,,1,,2,2,,,,2,,,,2,,,2,,,,,,1,,,,,,2,,,,5,,,,,,,,,,,,,,2,,,,,3,,,,,,,,,,4,,,2,2,2,,,,,,,,,,,,,,,,,,,,,,,,,,,,,,,2,,,,,,,,,,,,,,,4,,,3,,,,3,,2,2,2,2,3,,,,,,,,,,,,,2,,,,,
2026-05-06 12:11:25,2026-05-06 12:18:05,0,xxx.xxx.xxx.xxx,100,399,1,2026-05-06 12:18:06,010,xx.xxxx,xx.xxxx,anonymous,EN,,,,,1,3,,2,,,,,,,,,,,,,,,,,,,,,,,,,,2,,,,,,5,,,,,,,,,,,,,,,,,,2,,,,,2,2,2,,,2,,,2,,,,4,,,,,,,2,,4,,,2,4,,,,2,,2,,,,,,3,2,,,,,,1,,3,,,,,2,4,,2,,,,,,,,,,5,3,,,2,,2,,,,,,,3,,2,,,,,,,,,,,,,,,,,,,2,2,,,2,,2,,,2,,,2,,,,,,,,,,,,2,,,,,2,,,1,,,,,,,
2026-05-06 19:09:01,2026-05-06 19:19:00,0,xxx.xxx.xxx.xxx,100,599,1,2026-05-06 19:19:01,011,xx.xxxx,xx.xxxx,anonymous,NL,,,,1,,,,2,,,,,,,,,,,,,,1,,2,,,,,,,,2,,,,,2,,,,3,4,,,,,,,,,,,,,,,,,,1,,,,,,,,,,,,,,,,,,,,5,,,,,,,5,3,5,,5,,,2,,,,,,,,2,2,,2,,,,,,,,,,4,,,,,2,,,,,5,1,5,,,2,,,,,2,,,,,,,,,,,,3,2,,3,,,,2,,3,2,,,,,,2,,2,4,,2,,,,,2,,,,,,,2,,2,,,,2,2,,,,,,,,,,,,,
2026-05-07 08:57:58,2026-05-07 09:12:10,0,xxx.xxx.xxx.xxx,100,851,1,2026-05-07 09:12:10,012,xx.xxxx,xx.xxxx,anonymous,EN,,,,,,4,,,2,,,,,,1,,,2,2,1,,,,,1,,,,,,,,,,,,,2,,,,,,,,,,,,,1,,,,,,,,5,,,2,,2,,,,2,,,2,,,,,5,,2,,,,,2,,,,,,,,,,2,,2,1,,,,,,,,2,,,2,,3,,,2,,,,,2,,,,2,,,,,,,,2,,5,,,,,2,,,,,,,,,,,,,,,4,,,,2,,,2,,,,5,,2,,,,,,,,,,2,,4,2,,,,,,,,2,,,1,,,,,,,2,,,,,
2026-05-08 08:21:37,2026-05-08 08:25:08,0,xxx.xxx.xxx.xxx,100,210,1,2026-05-08 08:25:08,013,xx.xxxx,xx.xxxx,anonymous,EN,,1,,,1,,,,,,,,,,,2,2,,,,1,,,,,2,2,,2,,,,,,,2,,,,,,,,,3,2,,,1,,,,,,,3,,,,,,,2,,,2,,,4,,,2,,,4,,,,,,,,,,,,,,,2,,2,,,,,,3,,,,,,,,3,,,,,,,2,,,,,4,,,,,,,,,,3,,,,,2,,,,5,2,,,2,,,,,,,,3,,,4,2,,,,,,,3,,,,,,,,,5,,,,,,2,,,,1,,,,3,,,,,,,,,,,,,,,3,5,2
2026-05-08 09:26:40,2026-05-08 09:32:51,0,xxx.xxx.xxx.xxx,100,370,1,2026-05-08 09:32:52,014,xx.xxxx,xx.xxxx,anonymous,EN,,,,,,,,,,4,3,1,2,,,,,,,,,,5,,,,,,,,,,,2,2,,,,,2,,,,2,,,5,,,2,,3,2,,4,,2,2,,,,,,,,,2,,,,,,,,,,5,,1,,2,2,,4,2,3,,,,,,,,,,,,,3,5,3,,,,,,,2,,,3,,,2,,2,,,,,,,,,,,,,,,,3,,,,,,,4,,,2,,2,,,,,,,,,,,,,,,,,2,,,,,,2,,,2,,,,,,,,,,,,,,,,,,,,,,,,,,2,2,,,
2026-05-09 12:45:30,2026-05-09 12:51:13,0,xxx.xxx.xxx.xxx,100,342,1,2026-05-09 12:51:13,015,xx.xxxx,xx.xxxx,anonymous,EN,5,,1,,,,2,,,,,,,2,,,,,,,,,,,,,,4,,4,1,,2,,,,,,2,,,,2,,,,,3,,,,,,1,,,,,,,3,,,,2,,,,,2,,,2,2,,,,,,,,,,,,,,,,,,,,,,,2,,,,,,,,,,,,,2,,,,,,,,,4,,,2,3,1,,,,,,,,,,4,,,,,,2,,,5,,3,1,,,,,,,,,,,,,2,,,,,,,,,,,,4,3,,,,,,2,,,2,,,2,,,,,4,3,4,2,2,3,,,,,,
